bhcds003@mailinator.com,@Akacity1977
bhcds004@mailinator.com,@Akacity1977
bhcds005@mailinator.com,@Akacity1977
bhcds006@mailinator.com,@Akacity1977
bhcds007@mailinator.com,@Akacity1977
bhcds008@mailinator.com,@Akacity1977
bhcds009@mailinator.com,@Akacity1977
bhcds010@mailinator.com,@Akacity1977
bhcds011@mailinator.com,@Akacity1977
bhcds012@mailinator.com,@Akacity1977
bhcds013@mailinator.com,@Akacity1977
bhcds014@mailinator.com,@Akacity1977
bhcds015@mailinator.com,@Akacity1977
bhcds016@mailinator.com,@Akacity1977
bhcds017@mailinator.com,@Akacity1977
bhcds018@mailinator.com,@Akacity1977
bhcds019@mailinator.com,@Akacity1977
bhcds020@mailinator.com,@Akacity1977
bhcds021@mailinator.com,@Akacity1977
bhcds022@mailinator.com,@Akacity1977
bhcds023@mailinator.com,@Akacity1977
bhcds024@mailinator.com,@Akacity1977
bhcds025@mailinator.com,@Akacity1977
bhcds026@mailinator.com,@Akacity1977
bhcds027@mailinator.com,@Akacity1977
bhcds028@mailinator.com,@Akacity1977
bhcds029@mailinator.com,@Akacity1977
bhcds030@mailinator.com,@Akacity1977
bhcds031@mailinator.com,@Akacity1977
bhcds032@mailinator.com,@Akacity1977
bhcds033@mailinator.com,@Akacity1977
bhcds034@mailinator.com,@Akacity1977
bhcds035@mailinator.com,@Akacity1977
bhcds036@mailinator.com,@Akacity1977
bhcds037@mailinator.com,@Akacity1977
bhcds038@mailinator.com,@Akacity1977
bhcds039@mailinator.com,@Akacity1977
bhcds040@mailinator.com,@Akacity1977
bhcds041@mailinator.com,@Akacity1977
bhcds042@mailinator.com,@Akacity1977
bhcds043@mailinator.com,@Akacity1977
bhcds044@mailinator.com,@Akacity1977
bhcds045@mailinator.com,@Akacity1977
bhcds046@mailinator.com,@Akacity1977
bhcds047@mailinator.com,@Akacity1977
bhcds048@mailinator.com,@Akacity1977
bhcds049@mailinator.com,@Akacity1977
bhcds050@mailinator.com,@Akacity1977
bhcds051@mailinator.com,@Akacity1977
bhcds052@mailinator.com,@Akacity1977
bhcds053@mailinator.com,@Akacity1977
bhcds054@mailinator.com,@Akacity1977
bhcds055@mailinator.com,@Akacity1977
bhcds056@mailinator.com,@Akacity1977
bhcds057@mailinator.com,@Akacity1977
bhcds058@mailinator.com,@Akacity1977
bhcds059@mailinator.com,@Akacity1977
bhcds060@mailinator.com,@Akacity1977
bhcds061@mailinator.com,@Akacity1977
bhcds062@mailinator.com,@Akacity1977
bhcds063@mailinator.com,@Akacity1977
bhcds064@mailinator.com,@Akacity1977
bhcds065@mailinator.com,@Akacity1977
bhcds066@mailinator.com,@Akacity1977
bhcds067@mailinator.com,@Akacity1977
bhcds068@mailinator.com,@Akacity1977
bhcds069@mailinator.com,@Akacity1977
bhcds070@mailinator.com,@Akacity1977
bhcds071@mailinator.com,@Akacity1977
bhcds072@mailinator.com,@Akacity1977
bhcds073@mailinator.com,@Akacity1977
bhcds074@mailinator.com,@Akacity1977
bhcds075@mailinator.com,@Akacity1977
bhcds076@mailinator.com,@Akacity1977
bhcds077@mailinator.com,@Akacity1977
bhcds078@mailinator.com,@Akacity1977
bhcds079@mailinator.com,@Akacity1977
bhcds080@mailinator.com,@Akacity1977
bhcds081@mailinator.com,@Akacity1977
bhcds082@mailinator.com,@Akacity1977
bhcds083@mailinator.com,@Akacity1977
bhcds084@mailinator.com,@Akacity1977
bhcds085@mailinator.com,@Akacity1977
bhcds086@mailinator.com,@Akacity1977
bhcds087@mailinator.com,@Akacity1977
bhcds088@mailinator.com,@Akacity1977
bhcds089@mailinator.com,@Akacity1977
bhcds090@mailinator.com,@Akacity1977
bhcds091@mailinator.com,@Akacity1977
bhcds092@mailinator.com,@Akacity1977
bhcds093@mailinator.com,@Akacity1977
bhcds094@mailinator.com,@Akacity1977
bhcds095@mailinator.com,@Akacity1977
bhcds096@mailinator.com,@Akacity1977
bhcds097@mailinator.com,@Akacity1977
bhcds098@mailinator.com,@Akacity1977
bhcds099@mailinator.com,@Akacity1977
bhcds100@mailinator.com,@Akacity1977
bhcds101@mailinator.com,@Akacity1977
bhcds102@mailinator.com,@Akacity1977
bhcds103@mailinator.com,@Akacity1977
bhcds104@mailinator.com,@Akacity1977
bhcds105@mailinator.com,@Akacity1977
bhcds106@mailinator.com,@Akacity1977
bhcds107@mailinator.com,@Akacity1977
bhcds108@mailinator.com,@Akacity1977
bhcds109@mailinator.com,@Akacity1977
bhcds110@mailinator.com,@Akacity1977
bhcds111@mailinator.com,@Akacity1977
bhcds112@mailinator.com,@Akacity1977
bhcds113@mailinator.com,@Akacity1977
bhcds114@mailinator.com,@Akacity1977
bhcds115@mailinator.com,@Akacity1977
bhcds116@mailinator.com,@Akacity1977
bhcds117@mailinator.com,@Akacity1977
bhcds118@mailinator.com,@Akacity1977
bhcds119@mailinator.com,@Akacity1977
bhcds120@mailinator.com,@Akacity1977
bhcds121@mailinator.com,@Akacity1977
bhcds122@mailinator.com,@Akacity1977
bhcds123@mailinator.com,@Akacity1977
bhcds124@mailinator.com,@Akacity1977
bhcds125@mailinator.com,@Akacity1977
bhcds126@mailinator.com,@Akacity1977
bhcds127@mailinator.com,@Akacity1977
bhcds128@mailinator.com,@Akacity1977
bhcds129@mailinator.com,@Akacity1977
bhcds130@mailinator.com,@Akacity1977
bhcds131@mailinator.com,@Akacity1977
bhcds132@mailinator.com,@Akacity1977
bhcds133@mailinator.com,@Akacity1977
bhcds134@mailinator.com,@Akacity1977
bhcds135@mailinator.com,@Akacity1977
bhcds136@mailinator.com,@Akacity1977
bhcds137@mailinator.com,@Akacity1977
bhcds138@mailinator.com,@Akacity1977
bhcds139@mailinator.com,@Akacity1977
bhcds140@mailinator.com,@Akacity1977
bhcds141@mailinator.com,@Akacity1977
bhcds142@mailinator.com,@Akacity1977
bhcds143@mailinator.com,@Akacity1977
bhcds144@mailinator.com,@Akacity1977
bhcds145@mailinator.com,@Akacity1977
bhcds146@mailinator.com,@Akacity1977
bhcds147@mailinator.com,@Akacity1977
bhcds148@mailinator.com,@Akacity1977
bhcds149@mailinator.com,@Akacity1977
bhcds150@mailinator.com,@Akacity1977
bhcds151@mailinator.com,@Akacity1977
bhcds152@mailinator.com,@Akacity1977
bhcds153@mailinator.com,@Akacity1977
bhcds154@mailinator.com,@Akacity1977
bhcds155@mailinator.com,@Akacity1977
bhcds156@mailinator.com,@Akacity1977
bhcds157@mailinator.com,@Akacity1977
bhcds158@mailinator.com,@Akacity1977
bhcds159@mailinator.com,@Akacity1977
bhcds160@mailinator.com,@Akacity1977
bhcds161@mailinator.com,@Akacity1977
bhcds162@mailinator.com,@Akacity1977
bhcds163@mailinator.com,@Akacity1977
bhcds164@mailinator.com,@Akacity1977
bhcds165@mailinator.com,@Akacity1977
bhcds166@mailinator.com,@Akacity1977
bhcds167@mailinator.com,@Akacity1977
bhcds168@mailinator.com,@Akacity1977
bhcds169@mailinator.com,@Akacity1977
bhcds170@mailinator.com,@Akacity1977
bhcds171@mailinator.com,@Akacity1977
bhcds172@mailinator.com,@Akacity1977
bhcds173@mailinator.com,@Akacity1977
bhcds174@mailinator.com,@Akacity1977
bhcds175@mailinator.com,@Akacity1977
bhcds176@mailinator.com,@Akacity1977
bhcds177@mailinator.com,@Akacity1977
bhcds178@mailinator.com,@Akacity1977
bhcds179@mailinator.com,@Akacity1977
bhcds180@mailinator.com,@Akacity1977
bhcds181@mailinator.com,@Akacity1977
bhcds182@mailinator.com,@Akacity1977
bhcds183@mailinator.com,@Akacity1977
bhcds184@mailinator.com,@Akacity1977
bhcds185@mailinator.com,@Akacity1977
bhcds186@mailinator.com,@Akacity1977
bhcds187@mailinator.com,@Akacity1977
bhcds188@mailinator.com,@Akacity1977
bhcds189@mailinator.com,@Akacity1977
bhcds190@mailinator.com,@Akacity1977
bhcds191@mailinator.com,@Akacity1977
bhcds192@mailinator.com,@Akacity1977
bhcds193@mailinator.com,@Akacity1977
bhcds194@mailinator.com,@Akacity1977
bhcds195@mailinator.com,@Akacity1977
bhcds196@mailinator.com,@Akacity1977
bhcds197@mailinator.com,@Akacity1977
bhcds198@mailinator.com,@Akacity1977
bhcds199@mailinator.com,@Akacity1977
bhcds200@mailinator.com,@Akacity1977
bhcds201@mailinator.com,@Akacity1977
bhcds202@mailinator.com,@Akacity1977
bhcds203@mailinator.com,@Akacity1977
bhcds204@mailinator.com,@Akacity1977
bhcds205@mailinator.com,@Akacity1977
bhcds206@mailinator.com,@Akacity1977
bhcds207@mailinator.com,@Akacity1977
bhcds208@mailinator.com,@Akacity1977
bhcds209@mailinator.com,@Akacity1977
bhcds210@mailinator.com,@Akacity1977
bhcds211@mailinator.com,@Akacity1977
bhcds212@mailinator.com,@Akacity1977
bhcds213@mailinator.com,@Akacity1977
bhcds214@mailinator.com,@Akacity1977
bhcds215@mailinator.com,@Akacity1977
bhcds216@mailinator.com,@Akacity1977
bhcds217@mailinator.com,@Akacity1977
bhcds218@mailinator.com,@Akacity1977
bhcds219@mailinator.com,@Akacity1977
bhcds220@mailinator.com,@Akacity1977
bhcds221@mailinator.com,@Akacity1977
bhcds222@mailinator.com,@Akacity1977
bhcds223@mailinator.com,@Akacity1977
bhcds224@mailinator.com,@Akacity1977
bhcds225@mailinator.com,@Akacity1977
bhcds226@mailinator.com,@Akacity1977
bhcds227@mailinator.com,@Akacity1977
bhcds228@mailinator.com,@Akacity1977
bhcds229@mailinator.com,@Akacity1977
bhcds230@mailinator.com,@Akacity1977
bhcds231@mailinator.com,@Akacity1977
bhcds232@mailinator.com,@Akacity1977
bhcds233@mailinator.com,@Akacity1977
bhcds234@mailinator.com,@Akacity1977
bhcds235@mailinator.com,@Akacity1977
bhcds236@mailinator.com,@Akacity1977
bhcds237@mailinator.com,@Akacity1977
bhcds238@mailinator.com,@Akacity1977
bhcds239@mailinator.com,@Akacity1977
bhcds240@mailinator.com,@Akacity1977
bhcds241@mailinator.com,@Akacity1977
bhcds242@mailinator.com,@Akacity1977
bhcds243@mailinator.com,@Akacity1977
bhcds244@mailinator.com,@Akacity1977
bhcds245@mailinator.com,@Akacity1977
bhcds246@mailinator.com,@Akacity1977
bhcds247@mailinator.com,@Akacity1977
bhcds248@mailinator.com,@Akacity1977
bhcds249@mailinator.com,@Akacity1977
bhcds250@mailinator.com,@Akacity1977
bhcds251@mailinator.com,@Akacity1977
bhcds252@mailinator.com,@Akacity1977
bhcds253@mailinator.com,@Akacity1977
bhcds254@mailinator.com,@Akacity1977
bhcds255@mailinator.com,@Akacity1977
bhcds256@mailinator.com,@Akacity1977
bhcds257@mailinator.com,@Akacity1977
bhcds258@mailinator.com,@Akacity1977
bhcds259@mailinator.com,@Akacity1977
bhcds260@mailinator.com,@Akacity1977
bhcds261@mailinator.com,@Akacity1977
bhcds262@mailinator.com,@Akacity1977
bhcds263@mailinator.com,@Akacity1977
bhcds264@mailinator.com,@Akacity1977
bhcds265@mailinator.com,@Akacity1977
bhcds266@mailinator.com,@Akacity1977
bhcds267@mailinator.com,@Akacity1977
bhcds268@mailinator.com,@Akacity1977
bhcds269@mailinator.com,@Akacity1977
bhcds270@mailinator.com,@Akacity1977
bhcds271@mailinator.com,@Akacity1977
bhcds272@mailinator.com,@Akacity1977
bhcds273@mailinator.com,@Akacity1977
bhcds274@mailinator.com,@Akacity1977
bhcds275@mailinator.com,@Akacity1977
bhcds276@mailinator.com,@Akacity1977
bhcds277@mailinator.com,@Akacity1977
bhcds278@mailinator.com,@Akacity1977
bhcds279@mailinator.com,@Akacity1977
bhcds280@mailinator.com,@Akacity1977
bhcds281@mailinator.com,@Akacity1977
bhcds282@mailinator.com,@Akacity1977
bhcds283@mailinator.com,@Akacity1977
bhcds284@mailinator.com,@Akacity1977
bhcds285@mailinator.com,@Akacity1977
bhcds286@mailinator.com,@Akacity1977
bhcds287@mailinator.com,@Akacity1977
bhcds288@mailinator.com,@Akacity1977
bhcds289@mailinator.com,@Akacity1977
bhcds290@mailinator.com,@Akacity1977
bhcds291@mailinator.com,@Akacity1977
bhcds292@mailinator.com,@Akacity1977
bhcds293@mailinator.com,@Akacity1977
bhcds294@mailinator.com,@Akacity1977
bhcds295@mailinator.com,@Akacity1977
bhcds296@mailinator.com,@Akacity1977
bhcds297@mailinator.com,@Akacity1977
bhcds298@mailinator.com,@Akacity1977
bhcds299@mailinator.com,@Akacity1977
bhcds300@mailinator.com,@Akacity1977
bhcds301@mailinator.com,@Akacity1977
bhcds302@mailinator.com,@Akacity1977
bhcds303@mailinator.com,@Akacity1977
bhcds304@mailinator.com,@Akacity1977
bhcds305@mailinator.com,@Akacity1977
bhcds306@mailinator.com,@Akacity1977
bhcds307@mailinator.com,@Akacity1977
bhcds308@mailinator.com,@Akacity1977
bhcds309@mailinator.com,@Akacity1977
bhcds310@mailinator.com,@Akacity1977
bhcds311@mailinator.com,@Akacity1977
bhcds312@mailinator.com,@Akacity1977
bhcds313@mailinator.com,@Akacity1977
bhcds314@mailinator.com,@Akacity1977
bhcds315@mailinator.com,@Akacity1977
bhcds316@mailinator.com,@Akacity1977
bhcds317@mailinator.com,@Akacity1977
bhcds318@mailinator.com,@Akacity1977
bhcds319@mailinator.com,@Akacity1977
bhcds320@mailinator.com,@Akacity1977
bhcds321@mailinator.com,@Akacity1977
bhcds322@mailinator.com,@Akacity1977
bhcds323@mailinator.com,@Akacity1977
bhcds324@mailinator.com,@Akacity1977
bhcds325@mailinator.com,@Akacity1977
bhcds326@mailinator.com,@Akacity1977
bhcds327@mailinator.com,@Akacity1977
bhcds328@mailinator.com,@Akacity1977
bhcds329@mailinator.com,@Akacity1977
bhcds330@mailinator.com,@Akacity1977
bhcds331@mailinator.com,@Akacity1977
bhcds332@mailinator.com,@Akacity1977
bhcds333@mailinator.com,@Akacity1977
bhcds334@mailinator.com,@Akacity1977
bhcds335@mailinator.com,@Akacity1977
bhcds336@mailinator.com,@Akacity1977
bhcds337@mailinator.com,@Akacity1977
bhcds338@mailinator.com,@Akacity1977
bhcds339@mailinator.com,@Akacity1977
bhcds340@mailinator.com,@Akacity1977
bhcds341@mailinator.com,@Akacity1977
bhcds342@mailinator.com,@Akacity1977
bhcds343@mailinator.com,@Akacity1977
bhcds344@mailinator.com,@Akacity1977
bhcds345@mailinator.com,@Akacity1977
bhcds346@mailinator.com,@Akacity1977
bhcds347@mailinator.com,@Akacity1977
bhcds348@mailinator.com,@Akacity1977
bhcds349@mailinator.com,@Akacity1977
bhcds350@mailinator.com,@Akacity1977
bhcds351@mailinator.com,@Akacity1977
bhcds352@mailinator.com,@Akacity1977
bhcds353@mailinator.com,@Akacity1977
bhcds354@mailinator.com,@Akacity1977
bhcds355@mailinator.com,@Akacity1977
bhcds356@mailinator.com,@Akacity1977
bhcds357@mailinator.com,@Akacity1977
bhcds358@mailinator.com,@Akacity1977
bhcds359@mailinator.com,@Akacity1977
bhcds360@mailinator.com,@Akacity1977
bhcds361@mailinator.com,@Akacity1977
bhcds362@mailinator.com,@Akacity1977
bhcds363@mailinator.com,@Akacity1977
bhcds364@mailinator.com,@Akacity1977
bhcds365@mailinator.com,@Akacity1977
bhcds366@mailinator.com,@Akacity1977
bhcds367@mailinator.com,@Akacity1977
bhcds368@mailinator.com,@Akacity1977
bhcds369@mailinator.com,@Akacity1977
bhcds370@mailinator.com,@Akacity1977
bhcds371@mailinator.com,@Akacity1977
bhcds372@mailinator.com,@Akacity1977
bhcds373@mailinator.com,@Akacity1977
bhcds374@mailinator.com,@Akacity1977
bhcds375@mailinator.com,@Akacity1977
bhcds376@mailinator.com,@Akacity1977
bhcds377@mailinator.com,@Akacity1977
bhcds378@mailinator.com,@Akacity1977
bhcds379@mailinator.com,@Akacity1977
bhcds380@mailinator.com,@Akacity1977
bhcds381@mailinator.com,@Akacity1977
bhcds382@mailinator.com,@Akacity1977
bhcds383@mailinator.com,@Akacity1977
bhcds384@mailinator.com,@Akacity1977
bhcds385@mailinator.com,@Akacity1977
bhcds386@mailinator.com,@Akacity1977
bhcds387@mailinator.com,@Akacity1977
bhcds388@mailinator.com,@Akacity1977
bhcds389@mailinator.com,@Akacity1977
bhcds390@mailinator.com,@Akacity1977
bhcds391@mailinator.com,@Akacity1977
bhcds392@mailinator.com,@Akacity1977
bhcds393@mailinator.com,@Akacity1977
bhcds394@mailinator.com,@Akacity1977
bhcds395@mailinator.com,@Akacity1977
bhcds396@mailinator.com,@Akacity1977
bhcds397@mailinator.com,@Akacity1977
bhcds398@mailinator.com,@Akacity1977
bhcds399@mailinator.com,@Akacity1977
bhcds400@mailinator.com,@Akacity1977
bhcds401@mailinator.com,@Akacity1977
bhcds402@mailinator.com,@Akacity1977
bhcds403@mailinator.com,@Akacity1977
bhcds404@mailinator.com,@Akacity1977
bhcds405@mailinator.com,@Akacity1977
bhcds406@mailinator.com,@Akacity1977
bhcds407@mailinator.com,@Akacity1977
bhcds408@mailinator.com,@Akacity1977
bhcds409@mailinator.com,@Akacity1977
bhcds410@mailinator.com,@Akacity1977
bhcds411@mailinator.com,@Akacity1977
bhcds412@mailinator.com,@Akacity1977
bhcds413@mailinator.com,@Akacity1977
bhcds414@mailinator.com,@Akacity1977
bhcds415@mailinator.com,@Akacity1977
bhcds416@mailinator.com,@Akacity1977
bhcds417@mailinator.com,@Akacity1977
bhcds418@mailinator.com,@Akacity1977
bhcds419@mailinator.com,@Akacity1977
bhcds420@mailinator.com,@Akacity1977
bhcds421@mailinator.com,@Akacity1977
bhcds422@mailinator.com,@Akacity1977
bhcds423@mailinator.com,@Akacity1977
bhcds424@mailinator.com,@Akacity1977
bhcds425@mailinator.com,@Akacity1977
bhcds426@mailinator.com,@Akacity1977
bhcds427@mailinator.com,@Akacity1977
bhcds428@mailinator.com,@Akacity1977
bhcds429@mailinator.com,@Akacity1977
bhcds430@mailinator.com,@Akacity1977
bhcds431@mailinator.com,@Akacity1977
bhcds432@mailinator.com,@Akacity1977
bhcds433@mailinator.com,@Akacity1977
bhcds434@mailinator.com,@Akacity1977
bhcds435@mailinator.com,@Akacity1977
bhcds436@mailinator.com,@Akacity1977
bhcds437@mailinator.com,@Akacity1977
bhcds438@mailinator.com,@Akacity1977
bhcds439@mailinator.com,@Akacity1977
bhcds440@mailinator.com,@Akacity1977
bhcds441@mailinator.com,@Akacity1977
bhcds442@mailinator.com,@Akacity1977
bhcds443@mailinator.com,@Akacity1977
bhcds444@mailinator.com,@Akacity1977
bhcds445@mailinator.com,@Akacity1977
bhcds446@mailinator.com,@Akacity1977
bhcds447@mailinator.com,@Akacity1977
bhcds448@mailinator.com,@Akacity1977
bhcds449@mailinator.com,@Akacity1977
bhcds450@mailinator.com,@Akacity1977
bhcds451@mailinator.com,@Akacity1977
bhcds452@mailinator.com,@Akacity1977
bhcds453@mailinator.com,@Akacity1977
bhcds454@mailinator.com,@Akacity1977
bhcds455@mailinator.com,@Akacity1977
bhcds456@mailinator.com,@Akacity1977
bhcds457@mailinator.com,@Akacity1977
bhcds458@mailinator.com,@Akacity1977
bhcds459@mailinator.com,@Akacity1977
bhcds460@mailinator.com,@Akacity1977
bhcds461@mailinator.com,@Akacity1977
bhcds462@mailinator.com,@Akacity1977
bhcds463@mailinator.com,@Akacity1977
bhcds464@mailinator.com,@Akacity1977
bhcds465@mailinator.com,@Akacity1977
bhcds466@mailinator.com,@Akacity1977
bhcds467@mailinator.com,@Akacity1977
bhcds468@mailinator.com,@Akacity1977
bhcds469@mailinator.com,@Akacity1977
bhcds470@mailinator.com,@Akacity1977
bhcds471@mailinator.com,@Akacity1977
bhcds472@mailinator.com,@Akacity1977
bhcds473@mailinator.com,@Akacity1977
bhcds474@mailinator.com,@Akacity1977
bhcds475@mailinator.com,@Akacity1977
bhcds476@mailinator.com,@Akacity1977
bhcds477@mailinator.com,@Akacity1977
bhcds478@mailinator.com,@Akacity1977
bhcds479@mailinator.com,@Akacity1977
bhcds480@mailinator.com,@Akacity1977
bhcds481@mailinator.com,@Akacity1977
bhcds482@mailinator.com,@Akacity1977
bhcds483@mailinator.com,@Akacity1977
bhcds484@mailinator.com,@Akacity1977
bhcds485@mailinator.com,@Akacity1977
bhcds486@mailinator.com,@Akacity1977
bhcds487@mailinator.com,@Akacity1977
bhcds488@mailinator.com,@Akacity1977
bhcds489@mailinator.com,@Akacity1977
bhcds490@mailinator.com,@Akacity1977
bhcds491@mailinator.com,@Akacity1977
bhcds492@mailinator.com,@Akacity1977
bhcds493@mailinator.com,@Akacity1977
bhcds494@mailinator.com,@Akacity1977
bhcds495@mailinator.com,@Akacity1977
bhcds496@mailinator.com,@Akacity1977
bhcds497@mailinator.com,@Akacity1977
bhcds498@mailinator.com,@Akacity1977
bhcds499@mailinator.com,@Akacity1977
bhcds500@mailinator.com,@Akacity1977